{"cameraMode":{"drawMode":0,"name":"Shaded","section":"Shading Mode"},"sceneLighting":true,"audioPlay":false,"sceneViewState":{"showFog":true,"showMaterialUpdate":false,"showSkybox":true,"showFlares":true,"showImageEffects":true,"showParticleSystems":true},"in2DMode":false,"pivot":{"x":42.06666564941406,"y":306.16668701171877,"z":0.0},"rotation":{"x":0.3693472445011139,"y":0.005863119848072529,"z":-0.0023322561755776407,"w":0.9292830228805542},"size":32.61627960205078,"orthographic":false}